{
  "project_info": {
    "project_number": "604876342321",
    "firebase_url": "https://car4rent-9a86f.firebaseio.com",
    "project_id": "car4rent-9a86f",
    "storage_bucket": "car4rent-9a86f.appspot.com"
  },
  "client": [
    {
      "client_info": {
        "mobilesdk_app_id": "1:604876342321:android:f403cc289fa72c8c",
        "android_client_info": {
          "package_name": "com.spectrum.car4rent"
        }
      },
      "oauth_client": [
        {
          "client_id": "604876342321-v1lrija8i9nl1gq1pce9rc2j58hetnnj.apps.googleusercontent.com",
          "client_type": 1,
          "android_info": {
            "package_name": "com.spectrum.car4rent",
            "certificate_hash": "d7c98b98f0c57cca58d1e729319c9fe49054eee8"
          }
        },
        {
          "client_id": "604876342321-o9j8isi0fnb7ltc4jc4p8b8kq27pofnq.apps.googleusercontent.com",
          "client_type": 1,
          "android_info": {
            "package_name": "com.spectrum.car4rent",
            "certificate_hash": "650fb3e68c36a323ea2e9282711d9e29522bafd3"
          }
        },
        {
          "client_id": "604876342321-fre39nlffkunaghk92m7robvma5u227d.apps.googleusercontent.com",
          "client_type": 3
        }
      ],
      "api_key": [
        {
          "current_key": "AIzaSyDqJW3Uviaznki--Q4znX1KciSfcnXNMC8"
        }
      ],
      "services": {
        "appinvite_service": {
          "other_platform_oauth_client": [
            {
              "client_id": "604876342321-iclci45547tpcunf50kchjsmuth0fveo.apps.googleusercontent.com",
              "client_type": 3
            }
          ]
        }
      }
    }
  ],
  "configuration_version": "1"
}